"id","name","link","idlanguage","idserie"
1,nameSong1,https://yt.be/nameSong1,1,1
2,nameSong2,https://yt.be/nameSong2,2,2
3,nameSong3,https://yt.be/nameSong3,3,2
4,nameSong4,https://yt.be/nameSong4,5,2
5,nameSong5,https://yt.be/nameSong5,4,3
6,nameSong6,https://yt.be/nameSong6,6,4
7,nameSong7,https://yt.be/nameSong7,1,5
8,nameSong8,https://yt.be/nameSong8,2,6
9,nameSong9,https://yt.be/nameSong9,1,7
10,nameSong10,https://yt.be/nameSong10,3,8
11,nameSong11,https://yt.be/nameSong11,4,9
12,nameSong12,https://yt.be/nameSong12,4,10
