id,name,email,password
1, SilverFox89, user1@example.com,e8d95a51f3af4a3b134bf6bb680a213a
2, LunaStar12, testuser2@gmail.com,e8d95a51f3af4a3b134bf6bb680a213a
3, ThunderBolt47, random_email3@yahoo.com,e8d95a51f3af4a3b134bf6bb680a213a
4, MysticDreamer, mymail4@hotmail.com,e8d95a51f3af4a3b134bf6bb680a213a
5, QuantumCoder, email5@outlook.com,e8d95a51f3af4a3b134bf6bb680a213a
6, VelvetSphinx, user6@mail.com,e8d95a51f3af4a3b134bf6bb680a213a
7, CosmicExplorer, testuser7@gmail.com,e8d95a51f3af4a3b134bf6bb680a213a
8, MidnightRider, random_email8@yahoo.com,e8d95a51f3af4a3b134bf6bb680a213a
9, AuroraBlaze, mymail9@hotmail.com,e8d95a51f3af4a3b134bf6bb680a213a
10, ElectricJazz, email10@outlook.com,e8d95a51f3af4a3b134bf6bb680a213a
11, CyberPhoenix, user11@mail.com,e8d95a51f3af4a3b134bf6bb680a213a
12, CrimsonArrow, testuser12@gmail.com,e8d95a51f3af4a3b134bf6bb680a213a
13, SolarFlare88, random_email13@yahoo.com,e8d95a51f3af4a3b134bf6bb680a213a
14, QuantumPenguin, mymail14@hotmail.com,e8d95a51f3af4a3b134bf6bb680a213a
15, NebulaNomad, email15@outlook.com,e8d95a51f3af4a3b134bf6bb680a213a
16, CrystalWanderer, user16@mail.com,e8d95a51f3af4a3b134bf6bb680a213a
17, DarkNebula23, testuser17@gmail.com,e8d95a51f3af4a3b134bf6bb680a213a
18, SonicScribe, random_email18@yahoo.com,e8d95a51f3af4a3b134bf6bb680a213a
19, NovaStrider, mymail19@hotmail.com,e8d95a51f3af4a3b134bf6bb680a213a
20, InfiniteDreams, email20@outlook.com,e8d95a51f3af4a3b134bf6bb680a213a
21, PixelPioneer, user21@mail.com,e8d95a51f3af4a3b134bf6bb680a213a
22, SerenitySeeker, testuser22@gmail.com,e8d95a51f3af4a3b134bf6bb680a213a
23, SonicWhisper, random_email23@yahoo.com,e8d95a51f3af4a3b134bf6bb680a213a
24, LunarLoom, mymail24@hotmail.com,e8d95a51f3af4a3b134bf6bb680a213a
25, GravityGlider, email25@outlook.com,e8d95a51f3af4a3b134bf6bb680a213a
26, QuantumQuasar, user26@mail.com,e8d95a51f3af4a3b134bf6bb680a213a
27, TechnoTempest, testuser27@gmail.com,e8d95a51f3af4a3b134bf6bb680a213a
28, StealthStargazer, random_email28@yahoo.com,e8d95a51f3af4a3b134bf6bb680a213a
29, NeonNavigator, mymail29@hotmail.com,e8d95a51f3af4a3b134bf6bb680a213a
30, CelestialCrafter, email30@outlook.com,e8d95a51f3af4a3b134bf6bb680a213a
31, GalacticGlider, user31@mail.com,e8d95a51f3af4a3b134bf6bb680a213a
32, SapphireShadow, testuser32@gmail.com,e8d95a51f3af4a3b134bf6bb680a213a
33, StarlightStrider, random_email33@yahoo.com,e8d95a51f3af4a3b134bf6bb680a213a
34, EchoVoyager, mymail34@hotmail.com,e8d95a51f3af4a3b134bf6bb680a213a
35, LunarLabyrinth, email35@outlook.com,e8d95a51f3af4a3b134bf6bb680a213a
36, QuantumQuester, user36@mail.com,e8d95a51f3af4a3b134bf6bb680a213a
37, SolarSorcerer, testuser37@gmail.com,e8d95a51f3af4a3b134bf6bb680a213a
38, MidnightMystic, random_email38@yahoo.com,e8d95a51f3af4a3b134bf6bb680a213a
39, NebulaNomad, mymail39@hotmail.com,e8d95a51f3af4a3b134bf6bb680a213a
40, EnigmaExplorer, email40@outlook.com,e8d95a51f3af4a3b134bf6bb680a213a
